employee_id,first_name,last_name,gender,date_of_birth,email,phone_no,hire_date,department_id,job_id,salary,manager_id,status
1001,Nicole,Jones,F,1971-05-28,nicole.jones@company.com,6788190522,2014-03-26,101,1,147000,,active
1002,Misty,Mata,M,1987-12-28,misty.mata@company.com,6093383447,2013-01-23,101,2,137000,1001,active
1003,Kathryn,Flores,M,1987-02-25,kathryn.flores@company.com,6941855452,2013-12-29,101,3,111000,1001,active
1004,Gail,Tanner,F,2001-06-27,gail.tanner@company.com,6088762826,2018-02-24,101,4,57000,1003,active
1005,Albert,Shannon,M,1995-04-20,albert.shannon@company.com,7399066786,2019-06-30,101,4,82000,1002,active
1006,Todd,Patterson,M,1997-05-04,todd.patterson@company.com,7682758012,2023-02-14,101,4,58000,1003,active
1007,John,Hill,F,1996-09-03,john.hill@company.com,6939800302,2017-10-29,101,4,89000,1003,active
1008,Victor,Cook,M,1990-07-15,victor.cook@company.com,6324071203,2024-04-27,101,4,72000,1002,active
1009,Renee,Kidd,F,1994-09-13,renee.kidd@company.com,7352701793,2020-10-23,101,4,65000,1002,active
1010,Tanner,Adkins,F,1989-12-02,tanner.adkins@company.com,7460661225,2017-04-03,101,5,61000,1003,active
1011,Adrian,Phillips,M,1992-07-25,adrian.phillips@company.com,7289464389,2020-06-05,101,5,62000,1002,active
1012,Samantha,Ruiz,F,1993-06-25,samantha.ruiz@company.com,7655213583,2021-05-10,101,5,45000,1003,active
1013,Adam,Stanton,F,1990-01-18,adam.stanton@company.com,6192493466,2017-09-26,101,5,77000,1003,active
1014,Haley,Sanchez,M,2000-03-04,haley.sanchez@company.com,6234399440,2020-08-30,101,5,62000,1003,active
1015,Ryan,Walters,M,1970-12-14,ryan.walters@company.com,7651952201,2018-04-06,102,6,169000,,retired
1016,Jeremy,Davis,F,1985-02-12,jeremy.davis@company.com,6789810324,2017-06-08,102,7,84000,1015,active
1017,Michael,Jones,F,1971-07-31,michael.jones@company.com,7372957834,2021-07-24,102,8,128000,1015,active
1018,Susan,Gonzalez,F,2000-07-31,susan.gonzalez@company.com,6898317592,2017-08-11,102,9,46000,1017,on leave
1019,Bryan,Hanson,F,1992-09-16,bryan.hanson@company.com,6420511008,2023-10-27,102,9,86000,1016,active
1020,Wanda,Scott,F,1991-09-23,wanda.scott@company.com,7868060842,2018-02-26,102,9,60000,1016,on leave
1021,Logan,Wall,M,1996-12-04,logan.wall@company.com,6574383336,2018-07-06,102,9,43000,1017,active
1022,Melinda,Martin,F,1996-08-06,melinda.martin@company.com,6196072451,2019-10-10,102,9,87000,1016,active
1023,Michael,Smith,F,1990-08-14,michael.smith@company.com,6402675723,2019-10-03,102,10,79000,1016,active
1024,Courtney,Wright,F,1998-04-25,courtney.wright@company.com,6233161586,2018-03-05,102,10,54000,1016,active
1025,Jacob,Lee,M,2001-01-02,jacob.lee@company.com,6041919152,2023-06-14,102,10,73000,1017,on leave
1026,Angel,Christian,F,1989-11-07,angel.christian@company.com,6653523564,2019-02-03,102,10,62000,1017,on leave
1027,Tammy,Blair,F,1995-09-09,tammy.blair@company.com,7456896909,2021-12-08,102,10,54000,1017,active
1028,Kimberly,Sandoval,F,1973-02-03,kimberly.sandoval@company.com,6991190186,2011-11-21,103,11,169000,,active
1029,David,Diaz,M,1972-03-11,david.diaz@company.com,7842230408,2015-12-02,103,12,139000,1028,active
1030,Ryan,Travis,M,1982-08-27,ryan.travis@company.com,6102277599,2012-03-26,103,13,127000,1028,active
1031,Connor,Greene,F,2000-01-12,connor.greene@company.com,7171338924,2023-02-19,103,14,70000,1029,active
1032,Jessica,Garcia,M,1991-12-24,jessica.garcia@company.com,6806501634,2016-04-28,103,14,71000,1029,active
1033,Fernando,Arnold,M,2000-11-18,fernando.arnold@company.com,7313543133,2024-04-12,103,14,64000,1029,active
1034,Logan,Osborne,M,1991-10-19,logan.osborne@company.com,6640784802,2019-06-25,103,14,47000,1029,active
1035,Michael,Daniels,F,2002-04-08,michael.daniels@company.com,7217942470,2024-01-16,103,14,51000,1029,active
1036,Pamela,Hernandez,M,2002-01-14,pamela.hernandez@company.com,7143762389,2020-01-01,103,14,65000,1029,active
1037,Terri,Douglas,F,1998-02-23,terri.douglas@company.com,6664092133,2017-04-03,103,15,45000,1029,on leave
1038,Derek,Thompson,F,1994-09-30,derek.thompson@company.com,7476876563,2021-01-17,103,15,69000,1030,active
1039,Lisa,Farrell,M,1992-07-05,lisa.farrell@company.com,6630664908,2021-11-22,103,15,89000,1030,active
1040,Lauren,Zavala,F,1995-04-04,lauren.zavala@company.com,6271081331,2020-12-04,103,15,81000,1029,active
1041,Roberto,Harris,F,2000-06-05,roberto.harris@company.com,6645141896,2020-10-18,103,15,70000,1029,active
1042,Mary,Irwin,F,2000-11-17,mary.irwin@company.com,7716135711,2018-10-02,103,15,52000,1030,active
1043,Angela,Mercado,F,1966-02-12,angela.mercado@company.com,6222396242,2011-09-17,104,16,128000,,active
1044,Dennis,Hodge,F,1980-01-27,dennis.hodge@company.com,7879472372,2022-07-14,104,17,100000,1043,active
1045,William,Guzman,F,1976-02-17,william.guzman@company.com,6122034128,2024-01-25,104,18,83000,1043,active
1046,Brian,Yoder,M,1994-05-19,brian.yoder@company.com,7224338448,2016-06-02,104,19,58000,1045,on leave
1047,Bryan,King,M,1999-07-31,bryan.king@company.com,6960414644,2022-02-13,104,19,81000,1044,active
1048,Rebecca,Richardson,F,1992-01-12,rebecca.richardson@company.com,7246810387,2015-09-07,104,19,55000,1044,active
1049,Joseph,Barrett,F,1991-02-18,joseph.barrett@company.com,6527199693,2018-10-01,104,19,50000,1045,active
1050,Tyler,Duran,F,1991-01-22,tyler.duran@company.com,7696463119,2019-09-11,104,20,86000,1044,active
1051,Karen,Jenkins,M,1994-02-23,karen.jenkins@company.com,7702082196,2019-04-10,104,20,65000,1044,active
1052,Stephanie,Cochran,M,1997-08-07,stephanie.cochran@company.com,7447380339,2015-10-15,104,20,63000,1045,active
1053,Kimberly,Sutton,F,1975-04-25,kimberly.sutton@company.com,7799472457,2013-11-26,105,21,161000,,active
1054,Cynthia,Murphy,F,1978-03-03,cynthia.murphy@company.com,6028052445,2023-05-16,105,22,129000,1053,active
1055,Michelle,Cole,F,1983-05-06,michelle.cole@company.com,6721487642,2010-05-22,105,23,85000,1053,active
1056,Kayla,Jordan,M,1999-03-18,kayla.jordan@company.com,6944460823,2018-11-30,105,24,75000,1054,active
1057,Roy,Gillespie,M,1991-08-07,roy.gillespie@company.com,7874984353,2019-12-30,105,24,87000,1055,active
1058,Valerie,Larsen,M,1989-12-24,valerie.larsen@company.com,7563439582,2019-02-04,105,24,41000,1055,active
1059,Russell,Osborne,F,1999-05-29,russell.osborne@company.com,6894633643,2023-05-23,105,24,45000,1055,active
1060,Marcus,Hogan,F,1992-08-22,marcus.hogan@company.com,6815768108,2021-04-27,105,25,83000,1054,active
1061,Steven,Johnson,M,2002-03-15,steven.johnson@company.com,7248595975,2020-09-08,105,25,70000,1054,active
1062,Heather,Sanchez,M,1996-12-19,heather.sanchez@company.com,6326087849,2020-03-01,105,25,66000,1055,on leave
1063,Anna,Copeland,F,1993-10-10,anna.copeland@company.com,6863724641,2025-01-04,105,25,81000,1055,active
1064,Bailey,Osborne,F,1994-09-17,bailey.osborne@company.com,7442149565,2023-05-07,105,25,41000,1055,active
1065,Carol,Orr,M,1981-03-26,carol.orr@company.com,7561600022,2017-08-21,106,26,121000,,active
1066,Joseph,Shea,F,1969-04-22,joseph.shea@company.com,6599716516,2012-05-13,106,27,130000,1065,active
1067,Elizabeth,Gibson,M,1975-03-31,elizabeth.gibson@company.com,6823792932,2021-06-09,106,28,112000,1065,active
1068,Joshua,Knight,F,1993-02-22,joshua.knight@company.com,6331119611,2022-09-22,106,29,80000,1067,active
1069,Sharon,Andrews,F,1991-11-20,sharon.andrews@company.com,6956779351,2017-09-21,106,29,71000,1067,active
1070,Mark,Woodward,M,2001-01-24,mark.woodward@company.com,7579021882,2023-02-16,106,29,74000,1066,active
1071,Rhonda,Travis,F,1996-07-06,rhonda.travis@company.com,7536344232,2020-03-07,106,30,62000,1066,active
1072,Kristin,Chapman,M,2000-08-05,kristin.chapman@company.com,7506568991,2022-05-08,106,30,75000,1066,active
1073,Ann,Thomas,F,2003-01-01,ann.thomas@company.com,7818014510,2018-09-01,106,30,64000,1066,active
1074,Sandra,Moore,F,1994-12-29,sandra.moore@company.com,6738961210,2021-03-25,106,30,82000,1066,active
1075,Felicia,Miller,M,1980-12-12,felicia.miller@company.com,6851097995,2012-09-19,107,31,159000,,active
1076,Keith,White,M,1983-10-16,keith.white@company.com,7640048639,2014-06-11,107,32,90000,1075,active
1077,Clinton,Sparks,M,1992-09-19,clinton.sparks@company.com,7459116985,2025-01-03,107,33,92000,1075,active
1078,Luis,Smith,M,1992-04-30,luis.smith@company.com,6775438284,2018-09-17,107,34,64000,1077,active
1079,Amber,Morris,M,1993-06-07,amber.morris@company.com,6379050595,2019-11-01,107,34,79000,1077,active
1080,Sharon,Woods,M,2001-08-30,sharon.woods@company.com,6207174795,2022-06-28,107,34,64000,1076,active
1081,Jose,Brooks,F,2001-05-22,jose.brooks@company.com,6259746069,2020-09-30,107,34,58000,1077,active
1082,Robert,Powell,M,1999-05-02,robert.powell@company.com,6483311616,2018-11-03,107,35,68000,1077,active
1083,Mason,Fernandez,F,1997-04-08,mason.fernandez@company.com,7860783578,2016-08-22,107,35,59000,1076,active
1084,John,Dalton,M,1994-03-18,john.dalton@company.com,6750457347,2022-12-01,107,35,41000,1077,active
1085,Edwin,Green,F,1991-03-23,edwin.green@company.com,7861706184,2016-02-06,107,35,52000,1076,active
1086,Oscar,Rice,F,1997-03-27,oscar.rice@company.com,7586770366,2022-03-28,107,35,86000,1077,active
1087,Danielle,Ramsey,F,1996-03-11,danielle.ramsey@company.com,6468145673,2017-07-12,107,35,62000,1077,active
1088,Michelle,Diaz,M,1968-05-12,michelle.diaz@company.com,7672482931,2018-07-04,108,36,179000,,active
1089,Matthew,Todd,M,1994-10-04,matthew.todd@company.com,6962416927,2020-10-26,108,37,110000,1088,active
1090,Christie,King,F,1993-07-14,christie.king@company.com,6696802682,2018-01-30,108,38,122000,1088,active
1091,Jessica,Carter,F,1998-01-25,jessica.carter@company.com,7902920652,2025-01-23,108,39,45000,1089,active
1092,Sheila,Moyer,F,2002-12-03,sheila.moyer@company.com,7033400284,2015-09-13,108,39,66000,1089,active
1093,Alexa,Lee,M,1990-10-04,alexa.lee@company.com,7648284390,2021-11-15,108,39,51000,1090,active
1094,Shawn,Henry,F,1989-02-24,shawn.henry@company.com,6536227525,2019-08-19,108,40,57000,1090,active
1095,Glenn,Herrera,F,2001-10-31,glenn.herrera@company.com,6026380033,2023-10-20,108,40,63000,1089,on leave
1096,Cynthia,Nichols,F,1989-04-27,cynthia.nichols@company.com,6345164825,2018-07-13,108,40,40000,1089,active
1097,Tracy,Nguyen,M,1990-07-09,tracy.nguyen@company.com,6157035260,2023-05-14,108,40,55000,1089,active
1098,Richard,Lynn,M,1993-11-14,richard.lynn@company.com,6402770395,2021-02-22,108,40,73000,1089,active
1099,Kelsey,Mendez,M,1990-06-01,kelsey.mendez@company.com,6323137049,2022-08-08,108,40,61000,1090,active
